mode,activity,demand_interval,execution_interval,workers
ws,1,1,1,11.0
ws,1,2,2,10.0
ws,1,3,3,7.0
ws,1,4,4,8.0
ws,1,5,5,6.999999999999999
ws,1,6,6,5.999999999999999
ws,1,7,7,9.0
ws,1,8,8,10.0
ws,1,9,9,9.0
ws,6,5,5,3.0000000000000004
ws,6,6,6,3.0
ws,6,7,7,2.0
ws,6,8,8,1.0
ws,7,1,1,6.999999999999999
ws,7,2,2,8.0
ws,7,3,3,4.999999999999999
ws,7,4,4,4.0
ws,8,5,5,6.0
ws,8,6,6,5.0
ws,8,7,7,3.0
ws,8,8,8,2.0
